index,file
1,001-002
2,001-002
3,003
4,004
5,005-006
6,005-006
7,007
8,008
9,009
10,010
11,011-012
12,011-012
13,013
14,014
15,015
16,016
17,017
18,018
19,019-020-021
20,019-020-021
21,019-020-021
22,022
23,023-024-025
24,023-024-025
25,023-024-025
26,026-027-028-029-030-031-032-033
27,026-027-028-029-030-031-032-033
28,026-027-028-029-030-031-032-033
29,026-027-028-029-030-031-032-033
30,026-027-028-029-030-031-032-033
31,026-027-028-029-030-031-032-033
32,026-027-028-029-030-031-032-033
33,026-027-028-029-030-031-032-033
34,034-035-036-037
35,034-035-036-037
36,034-035-036-037
37,034-035-036-037
38,038
39,039
40,040
41,041-042-043-044
42,041-042-043-044
43,041-042-043-044
44,041-042-043-044
45,045-046-047
46,045-046-047
47,045-046-047
48,048
49,049-050
50,049-050
51,051
52,052-053-054
53,052-053-054
54,052-053-054
55,055-056_1-057-064_1
56,056
56-1,055-056_1-057-064_1
57,055-056_1-057-064_1
58,058-059-060
59,058-059-060
60,058-059-060
61,061-062_re
62,062_re
63,063-064
64,063-064
64-1,055-056_1-057-064_1
65,065-066
66,065-066
67,067
68,068
69,069-070-071-072
70,069-070-071-072
71,069-070-071-072
72,069-070-071-072
73,073
74,074-075
75,074-075
76,076
77,077-078-079
78,077-078-079
79,077-078-079
80,080
81,081
82,082
83,083
84,084
85,085
86,086
87,087
88,088
89,089
90,090-091
91,090-091
92,092
93,093
94,094
95,095
96,096
97,097
97-1,097-1
98,098
99,099
100,100
101,101
102,102
103,103
104,104-105
105,104-105
105-1,105_1
106,106
107,107
108,108
109,109